id;day;month;year
1;Table;Health Industrial;hardware
2;hacking;Public-key;Idaho transmitting Refined
3;USB Infrastructure Jewelery;Fresh wireless;monitor Loan Decentralized
4;Berkshire JSON;Programmable;holistic
5;solutions contingency cohesive;back-end;Dollar
6;Gloves;payment;purple Keys back
7;transparent;invoice lime zero;application wireless Data
8;customized Communications;SCSI calculating;Mountains
9;Dollar action-items;Alaska deposit;Tuna
10;Plastic bifurcated transparent;cross-platform Buckinghamshire maroon;Facilitator
